;bld_name;Techno;latitude;longitude;bld_azimut;cll_azimut;tilt;row_dist;N_panel;ratio;cll_layout;cll_alignment;Optimal tilt or max4dist;el cover ratio;el coverage;el production;el demand;th cover ratio;th coverage;th production;th demand
0;0;PV;46.5098019;6.6617476;60.0;-150.0;20.0;0.6;44.0;0.5432098765432098;east-west;south;tilt;0.28374431340751155;13379.641679154594;26142.164387232984;47153.867221081004;0.0;0.0;0.0;83274.02166324301
1;0;ST;46.5098019;6.6617476;60.0;-150.0;20.0;0.6;44.0;0.5432098765432098;east-west;south;tilt;0.0;0.0;0.0;19395.86;0.24183860646708913;20138.873353948882;88065.12377152877;83274.02166324301
2;0;PVT;46.5098019;6.6617476;60.0;-150.0;20.0;0.6;44.0;0.5432098765432098;east-west;south;tilt;0.5471380395575342;22002.809055657;26142164.387232985;40214.36541581075;0.28109496926296745;23407.90855983298;104568.65754893194;83274.02166324301
3;0;PV;46.5098019;6.6617476;60.0;60.0;20.0;0.6;48.0;0.5925925925925926;east-west;long;tilt;0.2956157075110681;13939.423820442824;28662.42304597168;47153.867221081004;0.0;0.0;0.0;83274.02166324301
4;0;ST;46.5098019;6.6617476;60.0;60.0;20.0;0.6;48.0;0.5925925925925926;east-west;long;tilt;0.0;0.0;0.0;19395.86;0.25012793615552614;20829.15917399755;96595.23797744163;83274.02166324301
5;0;PVT;46.5098019;6.6617476;60.0;60.0;20.0;0.6;48.0;0.5925925925925926;east-west;long;tilt;0.5471380395575342;22002.809055657;28662423.04597168;40214.36541581075;0.28917175127781525;24080.494680306707;114649.69218388671;83274.02166324301
6;0;PV;46.5098019;6.6617476;60.0;-30.0;20.0;0.6;56.0;0.691358024691358;east-west;short;tilt;0.31024687732506895;14629.340059141308;33215.995419144456;47153.867221081004;0.0;0.0;0.0;83274.02166324301
7;0;ST;46.5098019;6.6617476;60.0;-30.0;20.0;0.6;56.0;0.691358024691358;east-west;short;tilt;0.0;0.0;0.0;19395.86;0.25682920362874134;21387.200666733257;111881.42392924018;83274.02166324301
8;0;PVT;46.5098019;6.6617476;60.0;-30.0;20.0;0.6;56.0;0.691358024691358;east-west;short;tilt;0.5471380395575342;22002.809055657;33215995.41914445;40214.36541581075;0.29737642283444443;24763.73067725324;132863.98167657782;83274.02166324301
9;0;PV;46.5098019;6.6617476;60.0;0.0;36.0;1.3807267153084744;28.0;0.345679012345679;portrait;south;tilt;0.1861675429006026;8778.519598809917;11536.614876655914;47153.867221081004;0.0;0.0;0.0;83274.02166324301
10;0;ST;46.5098019;6.6617476;60.0;0.0;36.0;1.3807267153084744;28.0;0.345679012345679;portrait;south;tilt;0.0;0.0;0.0;19395.86;0.15078744468474078;12556.676935222162;37453.05099330568;83274.02166324301
11;0;PVT;46.5098019;6.6617476;60.0;0.0;36.0;1.3807267153084744;28.0;0.345679012345679;portrait;south;tilt;0.5471105531418403;22001.703706892313;11536614.876655914;40214.36541581075;0.18806194444799101;15660.674435993607;46146.45950662366;83274.02166324301
12;0;PV;46.5098019;6.6617476;60.0;0.0;7.0;0.6;37.0;0.4567901234567901;portrait;south;max4dist;0.2568186341626962;12109.991775207152;21477.3992299019;47153.867221081004;0.0;0.0;0.0;83274.02166324301
13;0;ST;46.5098019;6.6617476;60.0;0.0;7.0;0.6;37.0;0.4567901234567901;portrait;south;max4dist;0.0;0.0;0.0;19395.86;0.21544452544914103;17940.93207947888;72204.15684939025;83274.02166324301
14;0;PVT;46.5098019;6.6617476;60.0;0.0;7.0;0.6;37.0;0.4567901234567901;portrait;south;max4dist;0.5471380395575342;22002.809055657;21477399.229901906;40214.36541581075;0.25432709546654053;21178.840057430367;85909.5969196076;83274.02166324301
15;0;PV;46.5098019;6.6617476;60.0;0.0;46.0;1.689752636423808;26.0;0.32098765432098764;portrait;south;tilt+10;0.16417106159778488;7741.3004401258595;9324.368376553983;47153.867221081004;0.0;0.0;0.0;83274.02166324301
16;0;ST;46.5098019;6.6617476;60.0;0.0;46.0;1.689752636423808;26.0;0.32098765432098764;portrait;south;tilt+10;0.0;0.0;0.0;19395.86;0.13893026456725305;11569.281861253512;29725.90124832241;83274.02166324301
17;0;PVT;46.5098019;6.6617476;60.0;0.0;46.0;1.689752636423808;26.0;0.32098765432098764;portrait;south;tilt+10;0.5470733362148968;22000.207051792557;9324368.376553982;40214.36541581075;0.17515524525791945;14585.881688038626;37297.47350621593;83274.02166324301
18;0;PV;46.5098019;6.6617476;60.0;0.0;56.0;1.9474362787374955;25.0;0.30864197530864196;portrait;south;tilt+20;0.14571103032493257;6870.838576588779;7760.6606113271955;47153.867221081004;0.0;0.0;0.0;83274.02166324301
19;0;ST;46.5098019;6.6617476;60.0;0.0;56.0;1.9474362787374955;25.0;0.30864197530864196;portrait;south;tilt+20;0.0;0.0;0.0;19395.86;0.12957033365463722;10789.842771669884;24202.27288255846;83274.02166324301
20;0;PVT;46.5098019;6.6617476;60.0;0.0;56.0;1.9474362787374955;25.0;0.30864197530864196;portrait;south;tilt+20;0.5470009842246649;21997.29746241881;7760660.611327194;40214.36541581075;0.165994665710176;13823.043388331977;31042.642445308782;83274.02166324301
21;0;PV;46.5098019;6.6617476;60.0;0.0;66.0;2.14594805517205;24.0;0.2962962962962963;portrait;south;tilt+30;0.1281822942446682;6044.29088290662;6521.281079365281;47153.867221081004;0.0;0.0;0.0;83274.02166324301
22;0;ST;46.5098019;6.6617476;60.0;0.0;66.0;2.14594805517205;24.0;0.2962962962962963;portrait;south;tilt+30;0.0;0.0;0.0;19395.86;0.12019893370921665;10009.448609600018;19865.80048757675;83274.02166324301
23;0;PVT;46.5098019;6.6617476;60.0;0.0;66.0;2.14594805517205;24.0;0.2962962962962963;portrait;south;tilt+30;0.5468934303142172;21992.972250162165;6521281.079365281;40214.36541581075;0.1563169050633884;13017.137338579707;26085.124317461123;83274.02166324301
24;0;PV;46.5098019;6.6617476;60.0;60.0;26.0;1.0297481116299227;40.0;0.49382716049382713;portrait;long;tilt;0.2509949619387666;11835.38310842088;20938.895237940334;47153.867221081004;0.0;0.0;0.0;83274.02166324301
25;0;ST;46.5098019;6.6617476;60.0;60.0;26.0;1.0297481116299227;40.0;0.49382716049382713;portrait;long;tilt;0.0;0.0;0.0;19395.86;0.2059184607155574;17147.65835848898;69752.88064084818;83274.02166324301
26;0;PVT;46.5098019;6.6617476;60.0;60.0;26.0;1.0297481116299227;40.0;0.49382716049382713;portrait;long;tilt;0.5471380395575342;22002.809055657;20938895.237940338;40214.36541581075;0.24820890847017568;20669.35402095531;83755.58095176134;83274.02166324301
27;0;PV;46.5098019;6.6617476;60.0;60.0;7.0;0.6;48.0;0.5925925925925926;portrait;long;max4dist;0.28724221887724877;13544.581449226476;28434.285752439744;47153.867221081004;0.0;0.0;0.0;83274.02166324301
28;0;ST;46.5098019;6.6617476;60.0;60.0;7.0;0.6;48.0;0.5925925925925926;portrait;long;max4dist;0.0;0.0;0.0;19395.86;0.2388086759486945;19886.558854321967;95757.6233336991;83274.02166324301
29;0;PVT;46.5098019;6.6617476;60.0;60.0;7.0;0.6;48.0;0.5925925925925926;portrait;long;max4dist;0.5471380395575342;22002.809055657;28434285.752439745;40214.36541581075;0.2802835044759939;23340.334623583585;113737.14300975898;83274.02166324301
30;0;PV;46.5098019;6.6617476;60.0;60.0;36.0;1.3807267153084744;32.0;0.3950617283950617;portrait;long;tilt+10;0.22156235247449568;10447.521749772717;15605.810625061249;47153.867221081004;0.0;0.0;0.0;83274.02166324301
31;0;ST;46.5098019;6.6617476;60.0;60.0;36.0;1.3807267153084744;32.0;0.3950617283950617;portrait;long;tilt+10;0.0;0.0;0.0;19395.86;0.18366937612367717;15294.88760619742;51634.37425184084;83274.02166324301
32;0;PVT;46.5098019;6.6617476;60.0;60.0;36.0;1.3807267153084744;32.0;0.3950617283950617;portrait;long;tilt+10;0.5471380395575342;22002.809055657;15605810.625061247;40214.36541581075;0.222082047769757;18493.665256996115;62423.242500244996;83274.02166324301
33;0;PV;46.5098019;6.6617476;60.0;60.0;46.0;1.689752636423808;32.0;0.3950617283950617;portrait;long;tilt+20;0.2141604795698403;10098.49481763928;14514.938429268883;47153.867221081004;0.0;0.0;0.0;83274.02166324301
34;0;ST;46.5098019;6.6617476;60.0;60.0;46.0;1.689752636423808;32.0;0.3950617283950617;portrait;long;tilt+20;0.0;0.0;0.0;19395.86;0.17823303088552872;14842.18127506698;47669.872295250294;83274.02166324301
35;0;PVT;46.5098019;6.6617476;60.0;60.0;46.0;1.689752636423808;32.0;0.3950617283950617;portrait;long;tilt+20;0.547137865547557;22002.80205795619;14514938.429268884;40214.36541581075;0.2167887763050782;18052.873254377024;58059.75371707553;83274.02166324301
36;0;PV;46.5098019;6.6617476;60.0;60.0;56.0;1.9474362787374955;32.0;0.3950617283950617;portrait;long;tilt+30;0.20677367959182064;9750.178632287058;13469.037041123102;47153.867221081004;0.0;0.0;0.0;83274.02166324301
37;0;ST;46.5098019;6.6617476;60.0;60.0;56.0;1.9474362787374955;32.0;0.3950617283950617;portrait;long;tilt+30;0.0;0.0;0.0;19395.86;0.17296007293562515;14403.08086051734;43874.247166064466;83274.02166324301
38;0;PVT;46.5098019;6.6617476;60.0;60.0;56.0;1.9474362787374955;32.0;0.3950617283950617;portrait;long;tilt+30;0.5471189016673896;22002.03943754944;13469037.0411231;40214.36541581075;0.2118137955713644;17638.586600983526;53876.148164492406;83274.02166324301
39;0;PV;46.5098019;6.6617476;60.0;-30.0;35.0;1.3473497435543966;32.0;0.3950617283950617;portrait;short;tilt;0.20131769578336856;9492.90789622294;14193.214993349398;47153.867221081004;0.0;0.0;0.0;83274.02166324301
40;0;ST;46.5098019;6.6617476;60.0;-30.0;35.0;1.3473497435543966;32.0;0.3950617283950617;portrait;short;tilt;0.0;0.0;0.0;19395.86;0.1576656549968931;13129.453169760676;46482.91332590039;83274.02166324301
41;0;PVT;46.5098019;6.6617476;60.0;-30.0;35.0;1.3473497435543966;32.0;0.3950617283950617;portrait;short;tilt;0.5471380395575342;22002.809055657;14193214.993349398;40214.36541581075;0.19846890336963047;16527.30375868269;56772.85997339759;83274.02166324301
42;0;PV;46.5098019;6.6617476;60.0;-30.0;7.0;0.6;44.0;0.5432098765432098;portrait;short;max4dist;0.27777005503301433;13097.932293019121;25839.095217433583;47153.867221081004;0.0;0.0;0.0;83274.02166324301
43;0;ST;46.5098019;6.6617476;60.0;-30.0;7.0;0.6;44.0;0.5432098765432098;portrait;short;max4dist;0.0;0.0;0.0;19395.86;0.23109401645000233;19244.12813210333;86952.34015071919;83274.02166324301
44;0;PVT;46.5098019;6.6617476;60.0;-30.0;7.0;0.6;44.0;0.5432098765432098;portrait;short;max4dist;0.5471380395575342;22002.809055657;25839095.21743358;40214.36541581075;0.27238693931876556;22682.755885615345;103356.38086973433;83274.02166324301
45;0;PV;46.5098019;6.6617476;60.0;-30.0;45.0;1.661016875724958;32.0;0.3950617283950617;portrait;short;tilt+10;0.1869563746505639;8815.716066407364;12628.192304092167;47153.867221081004;0.0;0.0;0.0;83274.02166324301
46;0;ST;46.5098019;6.6617476;60.0;-30.0;45.0;1.661016875724958;32.0;0.3950617283950617;portrait;short;tilt+10;0.0;0.0;0.0;19395.86;0.14646092135362943;12196.389937620666;40788.32132891335;83274.02166324301
47;0;PVT;46.5098019;6.6617476;60.0;-30.0;45.0;1.661016875724958;32.0;0.3950617283950617;portrait;short;tilt+10;0.5471380395575342;22002.809055657;12628192.304092165;40214.36541581075;0.18932670356354983;15765.996013981436;50512.769216368666;83274.02166324301
48;0;PV;46.5098019;6.6617476;60.0;-30.0;55.0;1.924214850641711;28.0;0.345679012345679;portrait;short;tilt+20;0.16105689432236447;7594.455409916449;9904.592037786353;47153.867221081004;0.0;0.0;0.0;83274.02166324301
49;0;ST;46.5098019;6.6617476;60.0;-30.0;55.0;1.924214850641711;28.0;0.345679012345679;portrait;short;tilt+20;0.0;0.0;0.0;19395.86;0.13081435406787537;10893.437354511394;31530.296351793524;83274.02166324301
50;0;PVT;46.5098019;6.6617476;60.0;-30.0;55.0;1.924214850641711;28.0;0.345679012345679;portrait;short;tilt+20;0.5470817136279802;22000.54394414353;9904592.037786352;40214.36541581075;0.1709154487490624;14232.816781712323;39618.36815114541;83274.02166324301
51;0;PV;46.5098019;6.6617476;60.0;-30.0;65.0;2.1289465310214117;28.0;0.345679012345679;portrait;short;tilt+30;0.15366996328715488;7246.133044710894;9076.343673846495;47153.867221081004;0.0;0.0;0.0;83274.02166324301
52;0;ST;46.5098019;6.6617476;60.0;-30.0;65.0;2.1289465310214117;28.0;0.345679012345679;portrait;short;tilt+30;0.0;0.0;0.0;19395.86;0.1269975186617704;10575.594120218375;28532.80290362182;83274.02166324301
53;0;PVT;46.5098019;6.6617476;60.0;-30.0;65.0;2.1289465310214117;28.0;0.345679012345679;portrait;short;tilt+30;0.5470384337263935;21998.80347036596;9076343.673846494;40214.36541581075;0.16706647637012637;13912.29737244758;36305.37469538598;83274.02166324301
54;1;PV;46.5098019;6.6617476;60.0;-150.0;20.0;0.6;48.0;0.5413533834586467;east-west;south;tilt;0.29195957032782666;13767.0228131622;28109.62159117915;47153.867221081004;0.0;0.0;0.0;83274.02166324301
55;1;ST;46.5098019;6.6617476;60.0;-150.0;20.0;0.6;48.0;0.5413533834586467;east-west;south;tilt;0.0;0.0;0.0;19395.86;0.24749460786006217;20609.87133647465;94692.89795327639;83274.02166324301
56;1;PVT;46.5098019;6.6617476;60.0;-150.0;20.0;0.6;48.0;0.5413533834586467;east-west;south;tilt;0.5471380395575342;22002.809055657;28109621.59117915;40214.36541581075;0.28701475470911725;23900.87290131741;112438.4863647166;83274.02166324301
57;1;PV;46.5098019;6.6617476;60.0;60.0;20.0;0.6;60.0;0.6766917293233083;east-west;long;tilt;0.3188348664815294;15034.296959521129;35314.07311127521;47153.867221081004;0.0;0.0;0.0;83274.02166324301
58;1;ST;46.5098019;6.6617476;60.0;60.0;20.0;0.6;60.0;0.6766917293233083;east-west;long;tilt;0.0;0.0;0.0;19395.86;0.26465155882835756;22038.59964308368;119011.96527122713;83274.02166324301
59;1;PVT;46.5098019;6.6617476;60.0;60.0;20.0;0.6;60.0;0.6766917293233083;east-west;long;tilt;0.5471380395575342;22002.809055657;35314073.11127521;40214.36541581075;0.30442017769119883;25350.29247178518;141256.29244510084;83274.02166324301
60;1;PV;46.5098019;6.6617476;60.0;-30.0;20.0;0.6;60.0;0.6766917293233083;east-west;short;tilt;0.3162329135741159;14911.604817609446;35078.04592835974;47153.867221081004;0.0;0.0;0.0;83274.02166324301
61;1;ST;46.5098019;6.6617476;60.0;-30.0;20.0;0.6;60.0;0.6766917293233083;east-west;short;tilt;0.0;0.0;0.0;19395.86;0.2603362881442876;21679.24969865568;118153.36790593943;83274.02166324301
62;1;PVT;46.5098019;6.6617476;60.0;-30.0;20.0;0.6;60.0;0.6766917293233083;east-west;short;tilt;0.5471380395575342;22002.809055657;35078045.92835974;40214.36541581075;0.30138155517366993;25097.25415443406;140312.18371343895;83274.02166324301
63;1;PV;46.5098019;6.6617476;60.0;0.0;36.0;1.3807267153084744;32.0;0.3609022556390978;portrait;south;tilt;0.19930118490878476;9397.82161019295;12995.56719047124;47153.867221081004;0.0;0.0;0.0;83274.02166324301
64;1;ST;46.5098019;6.6617476;60.0;0.0;36.0;1.3807267153084744;32.0;0.3609022556390978;portrait;south;tilt;0.0;0.0;0.0;19395.86;0.158013910585302;13158.453813174183;42189.46769702126;83274.02166324301
65;1;PVT;46.5098019;6.6617476;60.0;0.0;36.0;1.3807267153084744;32.0;0.3609022556390978;portrait;south;tilt;0.5471380395575342;22002.809055657;12995567.190471241;40214.36541581075;0.1982352412656951;16507.845775577698;51982.26876188496;83274.02166324301
66;1;PV;46.5098019;6.6617476;60.0;0.0;7.0;0.6;44.0;0.4962406015037594;portrait;south;max4dist;0.2742207528565346;12930.5689694619;25174.307894230304;47153.867221081004;0.0;0.0;0.0;83274.02166324301
67;1;ST;46.5098019;6.6617476;60.0;0.0;7.0;0.6;44.0;0.4962406015037594;portrait;south;max4dist;0.0;0.0;0.0;19395.86;0.22759327362911966;18952.607198599704;84632.67159643659;83274.02166324301
68;1;PVT;46.5098019;6.6617476;60.0;0.0;7.0;0.6;44.0;0.4962406015037594;portrait;south;max4dist;0.5471380395575342;22002.809055657;25174307.894230306;40214.36541581075;0.2688419867521454;22387.553428787443;100697.23157692121;83274.02166324301
69;1;PV;46.5098019;6.6617476;60.0;0.0;46.0;1.689752636423808;31.0;0.349624060150376;portrait;south;tilt+10;0.1828887747134695;8623.912999065138;10958.034558323292;47153.867221081004;0.0;0.0;0.0;83274.02166324301
70;1;ST;46.5098019;6.6617476;60.0;0.0;46.0;1.689752636423808;31.0;0.349624060150376;portrait;south;tilt+10;0.0;0.0;0.0;19395.86;0.14846550909962578;12363.320021006639;34933.996599221195;83274.02166324301
71;1;PVT;46.5098019;6.6617476;60.0;0.0;46.0;1.689752636423808;31.0;0.349624060150376;portrait;south;tilt+10;0.5471229416846983;22002.201904281774;10958034.558323292;40214.36541581075;0.18878532832064066;15720.913520275473;43832.13823329317;83274.02166324301
72;1;PV;46.5098019;6.6617476;60.0;0.0;56.0;1.9474362787374955;29.0;0.32706766917293234;portrait;south;tilt+20;0.1610522692820229;7594.237321378291;8873.226705377652;47153.867221081004;0.0;0.0;0.0;83274.02166324301
73;1;ST;46.5098019;6.6617476;60.0;0.0;56.0;1.9474362787374955;29.0;0.32706766917293234;portrait;south;tilt+20;0.0;0.0;0.0;19395.86;0.1376438689661232;11462.158526097526;27671.903827221886;83274.02166324301
74;1;PVT;46.5098019;6.6617476;60.0;0.0;56.0;1.9474362787374955;29.0;0.32706766917293234;portrait;south;tilt+20;0.5470856383810522;22000.701775597732;8873226.705377651;40214.36541581075;0.17736449071957183;14769.854442471687;35492.90682151061;83274.02166324301
75;1;PV;46.5098019;6.6617476;60.0;0.0;66.0;2.14594805517205;29.0;0.32706766917293234;portrait;south;tilt+30;0.1478740873680309;6972.83508119066;7766.843830042922;47153.867221081004;0.0;0.0;0.0;83274.02166324301
76;1;ST;46.5098019;6.6617476;60.0;0.0;66.0;2.14594805517205;29.0;0.32706766917293234;portrait;south;tilt+30;0.0;0.0;0.0;19395.86;0.13076863933007205;10889.630504445231;23660.162484641238;83274.02166324301
77;1;PVT;46.5098019;6.6617476;60.0;0.0;66.0;2.14594805517205;29.0;0.32706766917293234;portrait;south;tilt+30;0.5470484889925995;21999.20783651552;7766843.830042922;40214.36541581075;0.17113746494390827;14251.304963131508;31067.375320171686;83274.02166324301
78;1;PV;46.5098019;6.6617476;60.0;60.0;26.0;1.0297481116299227;42.0;0.4736842105263158;portrait;long;tilt;0.2544511305512351;11998.354824266888;21670.451515470868;47153.867221081004;0.0;0.0;0.0;83274.02166324301
79;1;ST;46.5098019;6.6617476;60.0;60.0;26.0;1.0297481116299227;42.0;0.4736842105263158;portrait;long;tilt;0.0;0.0;0.0;19395.86;0.2083812820593439;17352.747396424154;72189.88398456757;83274.02166324301
80;1;PVT;46.5098019;6.6617476;60.0;60.0;26.0;1.0297481116299227;42.0;0.4736842105263158;portrait;long;tilt;0.5471380395575342;22002.809055657;21670451.515470874;40214.36541581075;0.25132771120276287;20929.069267272156;86681.80606188347;83274.02166324301
81;1;PV;46.5098019;6.6617476;60.0;60.0;7.0;0.6;54.0;0.6090225563909775;portrait;long;max4dist;0.29797172544122713;14050.519177092028;31529.69307187395;47153.867221081004;0.0;0.0;0.0;83274.02166324301
82;1;ST;46.5098019;6.6617476;60.0;60.0;7.0;0.6;54.0;0.6090225563909775;portrait;long;max4dist;0.0;0.0;0.0;19395.86;0.2460944916241817;20493.278026716882;106181.96986870299;83274.02166324301
83;1;PVT;46.5098019;6.6617476;60.0;60.0;7.0;0.6;54.0;0.6090225563909775;portrait;long;max4dist;0.5471380395575342;22002.809055657;31529693.071873948;40214.36541581075;0.28849458297592195;24024.104152465185;126118.7722874958;83274.02166324301
84;1;PV;46.5098019;6.6617476;60.0;60.0;36.0;1.3807267153084744;42.0;0.4736842105263158;portrait;long;tilt+10;0.24774434329953096;11682.103868719993;20188.801669514185;47153.867221081004;0.0;0.0;0.0;83274.02166324301
85;1;ST;46.5098019;6.6617476;60.0;60.0;36.0;1.3807267153084744;42.0;0.4736842105263158;portrait;long;tilt+10;0.0;0.0;0.0;19395.86;0.20123594834121303;16757.726721589424;66797.9489271672;83274.02166324301
86;1;PVT;46.5098019;6.6617476;60.0;60.0;36.0;1.3807267153084744;42.0;0.4736842105263158;portrait;long;tilt+10;0.5471380395575342;22002.809055657;20188801.669514187;40214.36541581075;0.2450680200523677;20407.79961080894;80755.20667805674;83274.02166324301
87;1;PV;46.5098019;6.6617476;60.0;60.0;46.0;1.689752636423808;36.0;0.406015037593985;portrait;long;tilt+20;0.22489653367922552;10604.741287591572;16095.06064673097;47153.867221081004;0.0;0.0;0.0;83274.02166324301
88;1;ST;46.5098019;6.6617476;60.0;60.0;46.0;1.689752636423808;36.0;0.406015037593985;portrait;long;tilt+20;0.0;0.0;0.0;19395.86;0.18499699212142126;15405.44352955403;52859.30004820698;83274.02166324301
89;1;PVT;46.5098019;6.6617476;60.0;60.0;46.0;1.689752636423808;36.0;0.406015037593985;portrait;long;tilt+20;0.5471380395575342;22002.809055657;16095060.646730969;40214.36541581075;0.22579209874421216;18802.61612221463;64380.24258692388;83274.02166324301
90;1;PV;46.5098019;6.6617476;60.0;60.0;56.0;1.9474362787374955;36.0;0.406015037593985;portrait;long;tilt+30;0.21786071597197826;10272.975273632304;14935.300558547502;47153.867221081004;0.0;0.0;0.0;83274.02166324301
91;1;ST;46.5098019;6.6617476;60.0;60.0;56.0;1.9474362787374955;36.0;0.406015037593985;portrait;long;tilt+30;0.0;0.0;0.0;19395.86;0.17957541043584355;14953.96661882019;48650.47636327046;83274.02166324301
92;1;PVT;46.5098019;6.6617476;60.0;60.0;56.0;1.9474362787374955;36.0;0.406015037593985;portrait;long;tilt+30;0.5471380395575342;22002.809055657;14935300.558547502;40214.36541581075;0.2206936154466549;18378.04491364416;59741.20223419001;83274.02166324301
93;1;PV;46.5098019;6.6617476;60.0;-30.0;35.0;1.3473497435543966;36.0;0.406015037593985;portrait;short;tilt;0.2125251491589153;10021.382664579927;15738.313820843152;47153.867221081004;0.0;0.0;0.0;83274.02166324301
94;1;ST;46.5098019;6.6617476;60.0;-30.0;35.0;1.3473497435543966;36.0;0.406015037593985;portrait;short;tilt;0.0;0.0;0.0;19395.86;0.16439986219226674;13690.237685632985;51543.12659766409;83274.02166324301
95;1;PVT;46.5098019;6.6617476;60.0;-30.0;35.0;1.3473497435543966;36.0;0.406015037593985;portrait;short;tilt;0.5471380395575342;22002.809055657;15738313.820843153;40214.36541581075;0.20784100572925576;17307.75641360826;62953.25528337261;83274.02166324301
96;1;PV;46.5098019;6.6617476;60.0;-30.0;7.0;0.6;48.0;0.5413533834586467;portrait;short;max4dist;0.28582019518776136;13477.527532987155;27783.74345986518;47153.867221081004;0.0;0.0;0.0;83274.02166324301
97;1;ST;46.5098019;6.6617476;60.0;-30.0;7.0;0.6;48.0;0.5413533834586467;portrait;short;max4dist;0.0;0.0;0.0;19395.86;0.23670422972649763;19711.313154025614;93496.36632603685;83274.02166324301
98;1;PVT;46.5098019;6.6617476;60.0;-30.0;7.0;0.6;48.0;0.5413533834586467;portrait;short;max4dist;0.5471380395575342;22002.809055657;27783743.45986518;40214.36541581075;0.278816039811266;23218.132939302992;111134.97383946073;83274.02166324301
99;1;PV;46.5098019;6.6617476;60.0;-30.0;45.0;1.661016875724958;36.0;0.406015037593985;portrait;short;tilt+10;0.19808930071064768;9340.676583626668;14002.919956111899;47153.867221081004;0.0;0.0;0.0;83274.02166324301
100;1;ST;46.5098019;6.6617476;60.0;-30.0;45.0;1.661016875724958;36.0;0.406015037593985;portrait;short;tilt+10;0.0;0.0;0.0;19395.86;0.1533133271285397;12767.017324565877;45228.611107534554;83274.02166324301
101;1;PVT;46.5098019;6.6617476;60.0;-30.0;45.0;1.661016875724958;36.0;0.406015037593985;portrait;short;tilt+10;0.5471380395575342;22002.809055657;14002919.956111897;40214.36541581075;0.1988341902137826;16557.722663255914;56011.679824447594;83274.02166324301
102;1;PV;46.5098019;6.6617476;60.0;-30.0;55.0;1.924214850641711;30.0;0.33834586466165417;portrait;short;tilt+20;0.16689982964322617;7869.9724062177265;10459.832078459649;47153.867221081004;0.0;0.0;0.0;83274.02166324301
103;1;ST;46.5098019;6.6617476;60.0;-30.0;55.0;1.924214850641711;30.0;0.33834586466165417;portrait;short;tilt+20;0.0;0.0;0.0;19395.86;0.1341769075894273;11173.450709308923;33297.848509623094;83274.02166324301
104;1;PVT;46.5098019;6.6617476;60.0;-30.0;55.0;1.924214850641711;30.0;0.33834586466165417;portrait;short;tilt+20;0.5470970968033547;22001.162568779295;10459832.078459647;40214.36541581075;0.17577446798036533;14637.446854441958;41839.328313838596;83274.02166324301
105;1;PV;46.5098019;6.6617476;60.0;-30.0;65.0;2.1289465310214117;30.0;0.33834586466165417;portrait;short;tilt+30;0.1595864150798205;7525.116626962175;9585.153063612905;47153.867221081004;0.0;0.0;0.0;83274.02166324301
106;1;ST;46.5098019;6.6617476;60.0;-30.0;65.0;2.1289465310214117;30.0;0.33834586466165417;portrait;short;tilt+30;0.0;0.0;0.0;19395.86;0.130291695714033;10849.913491431053;30132.319025466128;83274.02166324301
107;1;PVT;46.5098019;6.6617476;60.0;-30.0;65.0;2.1289465310214117;30.0;0.33834586466165417;portrait;short;tilt+30;0.5470767044612574;22000.342503682514;9585153.063612904;40214.36541581075;0.17184795813467343;14310.470588490873;38340.61225445162;83274.02166324301
108;2;PV;46.5098019;6.6617476;210.0;-120.0;20.0;0.6;58.0;0.5603864734299517;east-west;south;tilt;0.3154183164486767;14873.193412917812;34237.49389015381;47153.867221081004;0.0;0.0;0.0;83274.02166324301
109;2;ST;46.5098019;6.6617476;210.0;-120.0;20.0;0.6;58.0;0.5603864734299517;east-west;south;tilt;0.0;0.0;0.0;19395.86;0.2626383107744562;21870.948381029615;115383.78541012478;83274.02166324301
110;2;PVT;46.5098019;6.6617476;210.0;-120.0;20.0;0.6;58.0;0.5603864734299517;east-west;south;tilt;0.5471380395575342;22002.809055657;34237493.89015382;40214.36541581075;0.30228095628930274;25172.15090242121;136949.97556061525;83274.02166324301
111;2;PV;46.5098019;6.6617476;210.0;30.0;20.0;0.6;66.0;0.6376811594202898;east-west;long;tilt;0.32711460759579175;15424.71877264798;38764.58243232717;47153.867221081004;0.0;0.0;0.0;83274.02166324301
112;2;ST;46.5098019;6.6617476;210.0;30.0;20.0;0.6;66.0;0.6376811594202898;east-west;long;tilt;0.0;0.0;0.0;19395.86;0.26923860526509585;22420.581447426925;130586.27048958957;83274.02166324301
113;2;PVT;46.5098019;6.6617476;210.0;30.0;20.0;0.6;66.0;0.6376811594202898;east-west;long;tilt;0.5471380395575342;22002.809055657;38764582.43232717;40214.36541581075;0.3104222489614049;25850.10908476465;155058.3297293087;83274.02166324301
114;2;PV;46.5098019;6.6617476;210.0;-60.0;20.0;0.6;72.0;0.6956521739130435;east-west;short;tilt;0.3384759862061126;15960.451711087479;42423.93075163452;47153.867221081004;0.0;0.0;0.0;83274.02166324301
115;2;ST;46.5098019;6.6617476;210.0;-60.0;20.0;0.6;72.0;0.6956521739130435;east-west;short;tilt;0.0;0.0;0.0;19395.86;0.2732972535082894;22758.561409154107;142951.26795724875;83274.02166324301
116;2;PVT;46.5098019;6.6617476;210.0;-60.0;20.0;0.6;72.0;0.6956521739130435;east-west;short;tilt;0.5471380395575342;22002.809055657;42423930.751634516;40214.36541581075;0.3157824953121741;26296.478355498923;169695.7230065381;83274.02166324301
117;2;PV;46.5098019;6.6617476;210.0;0.0;36.0;1.3807267153084744;39.0;0.37681159420289856;portrait;south;tilt;0.22130028071704222;10435.164052919361;15885.002242718114;47153.867221081004;0.0;0.0;0.0;83274.02166324301
118;2;ST;46.5098019;6.6617476;210.0;0.0;36.0;1.3807267153084744;39.0;0.37681159420289856;portrait;south;tilt;0.0;0.0;0.0;19395.86;0.17066460679600048;14211.928163478995;51569.876032626205;83274.02166324301
119;2;PVT;46.5098019;6.6617476;210.0;0.0;36.0;1.3807267153084744;39.0;0.37681159420289856;portrait;south;tilt;0.5471380395575342;22002.809055657;15885002.242718115;40214.36541581075;0.21595972698185312;17983.83498307488;63540.008970872455;83274.02166324301
120;2;PV;46.5098019;6.6617476;210.0;0.0;7.0;0.6;50.0;0.4830917874396135;portrait;south;max4dist;0.28848172138299205;13603.028785802491;28691.435671091665;47153.867221081004;0.0;0.0;0.0;83274.02166324301
121;2;ST;46.5098019;6.6617476;210.0;0.0;7.0;0.6;50.0;0.4830917874396135;portrait;south;max4dist;0.0;0.0;0.0;19395.86;0.2372196618797732;19754.235262323415;96456.78693467929;83274.02166324301
122;2;PVT;46.5098019;6.6617476;210.0;0.0;7.0;0.6;50.0;0.4830917874396135;portrait;south;max4dist;0.5471380395575342;22002.809055657;28691435.671091665;40214.36541581075;0.2805225645966173;23360.242121247196;114765.74268436666;83274.02166324301
123;2;PV;46.5098019;6.6617476;210.0;0.0;46.0;1.689752636423808;36.0;0.34782608695652173;portrait;south;tilt+10;0.20047158120684316;9453.01032182764;12762.944639338808;47153.867221081004;0.0;0.0;0.0;83274.02166324301
124;2;ST;46.5098019;6.6617476;210.0;0.0;46.0;1.689752636423808;36.0;0.34782608695652173;portrait;south;tilt+10;0.0;0.0;0.0;19395.86;0.15788674367694805;13147.864113293068;40688.01410085462;83274.02166324301
125;2;PVT;46.5098019;6.6617476;210.0;0.0;46.0;1.689752636423808;36.0;0.34782608695652173;portrait;south;tilt+10;0.5471380395575342;22002.809055657;12762944.639338808;40214.36541581075;0.2021178808922443;16831.168791949523;51051.77855735523;83274.02166324301
126;2;PV;46.5098019;6.6617476;210.0;0.0;56.0;1.9474362787374955;34.0;0.3285024154589372;portrait;south;tilt+20;0.18036335596572547;8504.829738756387;10433.73757978708;47153.867221081004;0.0;0.0;0.0;83274.02166324301
127;2;ST;46.5098019;6.6617476;210.0;0.0;56.0;1.9474362787374955;34.0;0.3285024154589372;portrait;south;tilt+20;0.0;0.0;0.0;19395.86;0.14777950189968136;12306.193442577327;32538.488247049776;83274.02166324301
128;2;PVT;46.5098019;6.6617476;210.0;0.0;56.0;1.9474362787374955;34.0;0.3285024154589372;portrait;south;tilt+20;0.5471345885847577;22002.670276976725;10433737.579787081;40214.36541581075;0.19164348106585669;15958.923393897452;41734.95031914832;83274.02166324301
129;2;PV;46.5098019;6.6617476;210.0;0.0;66.0;2.14594805517205;34.0;0.3285024154589372;portrait;south;tilt+30;0.16733577722628518;7890.529020664641;9132.778079111104;47153.867221081004;0.0;0.0;0.0;83274.02166324301
130;2;ST;46.5098019;6.6617476;210.0;0.0;66.0;2.14594805517205;34.0;0.3285024154589372;portrait;south;tilt+30;0.0;0.0;0.0;19395.86;0.14090787833842297;11733.965713275446;27821.212582144104;83274.02166324301
131;2;PVT;46.5098019;6.6617476;210.0;0.0;66.0;2.14594805517205;34.0;0.3285024154589372;portrait;south;tilt+30;0.5471121717074322;22001.768796480475;9132778.079111105;40214.36541581075;0.1856652079796645;15461.088551409099;36531.112316444414;83274.02166324301
132;2;PV;46.5098019;6.6617476;210.0;30.0;34.0;1.3135623560163627;44.0;0.4251207729468599;portrait;long;tilt;0.241046257751593;11366.263232157084;19123.2076106691;47153.867221081004;0.0;0.0;0.0;83274.02166324301
133;2;ST;46.5098019;6.6617476;210.0;30.0;34.0;1.3135623560163627;44.0;0.4251207729468599;portrait;long;tilt;0.0;0.0;0.0;19395.86;0.18945139573372458;15776.379632461805;62556.63595900052;83274.02166324301
134;2;PVT;46.5098019;6.6617476;210.0;30.0;34.0;1.3135623560163627;44.0;0.4251207729468599;portrait;long;tilt;0.5471380395575342;22002.809055657;19123207.610669103;40214.36541581075;0.23617444428145473;19667.19578939824;76492.8304426764;83274.02166324301
135;2;PV;46.5098019;6.6617476;210.0;30.0;7.0;0.6;66.0;0.6376811594202898;portrait;long;max4dist;0.3175545630536485;14973.925701680135;37994.472437774035;47153.867221081004;0.0;0.0;0.0;83274.02166324301
136;2;ST;46.5098019;6.6617476;210.0;30.0;7.0;0.6;66.0;0.6376811594202898;portrait;long;max4dist;0.0;0.0;0.0;19395.86;0.25694981391015026;21397.244369920114;127768.42507829987;83274.02166324301
137;2;PVT;46.5098019;6.6617476;210.0;30.0;7.0;0.6;66.0;0.6376811594202898;portrait;long;max4dist;0.5471380395575342;22002.809055657;37994472.43777403;40214.36541581075;0.30250234852794583;25190.587124498048;151977.88975109614;83274.02166324301
138;2;PV;46.5098019;6.6617476;210.0;30.0;44.0;1.6317751531951301;44.0;0.4251207729468599;portrait;long;tilt+10;0.23108778213179318;10896.68259505667;16973.932450308483;47153.867221081004;0.0;0.0;0.0;83274.02166324301
139;2;ST;46.5098019;6.6617476;210.0;30.0;44.0;1.6317751531951301;44.0;0.4251207729468599;portrait;long;tilt+10;0.0;0.0;0.0;19395.86;0.18173591136345793;15133.880219869807;54734.9048106292;83274.02166324301
140;2;PVT;46.5098019;6.6617476;210.0;30.0;44.0;1.6317751531951301;44.0;0.4251207729468599;portrait;long;tilt+10;0.5471380395575342;22002.809055657;16973932.45030848;40214.36541581075;0.23038173611589816;19184.813684130837;67895.72980123393;83274.02166324301
141;2;PV;46.5098019;6.6617476;210.0;30.0;54.0;1.9004072880621332;44.0;0.4251207729468599;portrait;long;tilt+20;0.22205475569156982;10470.740465689865;15095.386929687005;47153.867221081004;0.0;0.0;0.0;83274.02166324301
142;2;ST;46.5098019;6.6617476;210.0;30.0;54.0;1.9004072880621332;44.0;0.4251207729468599;portrait;long;tilt+20;0.0;0.0;0.0;19395.86;0.17518342311195642;14588.228171266124;47908.194074337924;83274.02166324301
143;2;PVT;46.5098019;6.6617476;210.0;30.0;54.0;1.9004072880621332;44.0;0.4251207729468599;portrait;long;tilt+20;0.5471380395575342;22002.809055657;15095386.929687005;40214.36541581075;0.22463863264168313;18706.56236100481;60381.54771874802;83274.02166324301
144;2;PV;46.5098019;6.6617476;210.0;30.0;64.0;2.1112965091338567;44.0;0.4251207729468599;portrait;long;tilt+30;0.21347883556556574;10066.352666769671;13637.219812649571;47153.867221081004;0.0;0.0;0.0;83274.02166324301
145;2;ST;46.5098019;6.6617476;210.0;30.0;64.0;2.1112965091338567;44.0;0.4251207729468599;portrait;long;tilt+30;0.0;0.0;0.0;19395.86;0.1694942865561782;14114.470890475102;42626.54988559185;83274.02166324301
146;2;PVT;46.5098019;6.6617476;210.0;30.0;64.0;2.1112965091338567;44.0;0.4251207729468599;portrait;long;tilt+30;0.5471380395575342;22002.809055657;13637219.812649572;40214.36541581075;0.21927744290268525;18260.114530538744;54548.879250598286;83274.02166324301
147;2;PV;46.5098019;6.6617476;210.0;-60.0;28.0;1.1028040024616994;48.0;0.463768115942029;portrait;short;tilt;0.2646370589362065;12478.66073885527;25339.476175927848;47153.867221081004;0.0;0.0;0.0;83274.02166324301
148;2;ST;46.5098019;6.6617476;210.0;-60.0;28.0;1.1028040024616994;48.0;0.463768115942029;portrait;short;tilt;0.0;0.0;0.0;19395.86;0.21104542452528835;17574.60125384718;84578.68877238521;83274.02166324301
149;2;PVT;46.5098019;6.6617476;210.0;-60.0;28.0;1.1028040024616994;48.0;0.463768115942029;portrait;short;tilt;0.5471380395575342;22002.809055657;25339476.17592785;40214.36541581075;0.2580115958063696;21485.66321854752;101357.90470371139;83274.02166324301
150;2;PV;46.5098019;6.6617476;210.0;-60.0;7.0;0.6;56.0;0.5410628019323671;portrait;short;max4dist;0.3067499727987516;14464.447487422542;33252.651764575385;47153.867221081004;0.0;0.0;0.0;83274.02166324301
151;2;ST;46.5098019;6.6617476;210.0;-60.0;7.0;0.6;56.0;0.5410628019323671;portrait;short;max4dist;0.0;0.0;0.0;19395.86;0.25241280345573996;21019.42926305319;112109.82847023325;83274.02166324301
152;2;PVT;46.5098019;6.6617476;210.0;-60.0;7.0;0.6;56.0;0.5410628019323671;portrait;short;max4dist;0.5471380395575342;22002.809055657;33252651.764575377;40214.36541581075;0.2943759295453964;24513.867534100635;133010.60705830154;83274.02166324301
153;2;PV;46.5098019;6.6617476;210.0;-60.0;38.0;1.446208871782629;40.0;0.3864734299516908;portrait;short;tilt+10;0.23289659337039129;10981.975040029525;19775.07783752729;47153.867221081004;0.0;0.0;0.0;83274.02166324301
154;2;ST;46.5098019;6.6617476;210.0;-60.0;38.0;1.446208871782629;40.0;0.3864734299516908;portrait;short;tilt+10;0.0;0.0;0.0;19395.86;0.18618134495256533;15504.069352871646;65603.96063312511;83274.02166324301
155;2;PVT;46.5098019;6.6617476;210.0;-60.0;38.0;1.446208871782629;40.0;0.3864734299516908;portrait;short;tilt+10;0.5471380395575342;22002.809055657;19775077.837527294;40214.36541581075;0.23202823248920298;19321.924058789875;79100.31135010916;83274.02166324301
156;2;PV;46.5098019;6.6617476;210.0;-60.0;48.0;1.7456714163514433;40.0;0.3864734299516908;portrait;short;tilt+20;0.22329805164286062;10529.366677893539;18523.96574815124;47153.867221081004;0.0;0.0;0.0;83274.02166324301
157;2;ST;46.5098019;6.6617476;210.0;-60.0;48.0;1.7456714163514433;40.0;0.3864734299516908;portrait;short;tilt+20;0.0;0.0;0.0;19395.86;0.17941523838088377;14940.628447645624;61060.470568480036;83274.02166324301
158;2;PVT;46.5098019;6.6617476;210.0;-60.0;48.0;1.7456714163514433;40.0;0.3864734299516908;portrait;short;tilt+20;0.5471380395575342;22002.809055657;18523965.74815124;40214.36541581075;0.2263175330138308;18846.371146965463;74095.86299260496;83274.02166324301
159;2;PV;46.5098019;6.6617476;210.0;-60.0;58.0;1.9920926182867784;36.0;0.34782608695652173;portrait;short;tilt+30;0.20414627120035242;9626.28616586021;15622.113184921815;47153.867221081004;0.0;0.0;0.0;83274.02166324301
160;2;ST;46.5098019;6.6617476;210.0;-60.0;58.0;1.9920926182867784;36.0;0.34782608695652173;portrait;short;tilt+30;0.0;0.0;0.0;19395.86;0.1661125873634767;13832.863198643507;51150.43461738636;83274.02166324301
161;2;PVT;46.5098019;6.6617476;210.0;-60.0;58.0;1.9920926182867784;36.0;0.34782608695652173;portrait;short;tilt+30;0.5471380395575342;22002.809055657;15622113.184921812;40214.36541581075;0.21101177056173645;17571.798752957304;62488.45273968726;83274.02166324301
162;3;PV;46.5098019;6.6617476;45.0;-135.0;20.0;0.6;66.0;0.5657142857142857;east-west;south;tilt;0.3261482387264307;15379.15074329554;38070.33487856933;47153.867221081004;0.0;0.0;0.0;83274.02166324301
163;3;ST;46.5098019;6.6617476;45.0;-135.0;20.0;0.6;66.0;0.5657142857142857;east-west;south;tilt;0.0;0.0;0.0;19395.86;0.2690485345408302;22404.753493816883;128274.9300457787;83274.02166324301
164;3;PVT;46.5098019;6.6617476;45.0;-135.0;20.0;0.6;66.0;0.5657142857142857;east-west;south;tilt;0.5471380395575342;22002.809055657;38070334.878569335;40214.36541581075;0.3094945025719222;25772.851911828868;152281.33951427732;83274.02166324301
165;3;PV;46.5098019;6.6617476;45.0;45.0;20.0;0.6;80.0;0.6857142857142857;east-west;long;tilt;0.3459196786437119;16311.450595924603;46145.86045887192;47153.867221081004;0.0;0.0;0.0;83274.02166324301
166;3;ST;46.5098019;6.6617476;45.0;45.0;20.0;0.6;80.0;0.6857142857142857;east-west;long;tilt;0.0;0.0;0.0;19395.86;0.2794425411303368;23270.30422371934;155484.76369185298;83274.02166324301
167;3;PVT;46.5098019;6.6617476;45.0;45.0;20.0;0.6;80.0;0.6857142857142857;east-west;long;tilt;0.5471380395575342;22002.809055657;46145860.45887192;40214.36541581075;0.32223938111195644;26834.16920346708;184583.44183548767;83274.02166324301
168;3;PV;46.5098019;6.6617476;45.0;-45.0;20.0;0.6;72.0;0.6171428571428571;east-west;short;tilt;0.33525082612524953;15808.37294086773;41456.34597337504;47153.867221081004;0.0;0.0;0.0;83274.02166324301
169;3;ST;46.5098019;6.6617476;45.0;-45.0;20.0;0.6;72.0;0.6171428571428571;east-west;short;tilt;0.0;0.0;0.0;19395.86;0.2711141110043095;22576.762352983736;139664.38576733763;83274.02166324301
170;3;PVT;46.5098019;6.6617476;45.0;-45.0;20.0;0.6;72.0;0.6171428571428571;east-west;short;tilt;0.5471380395575342;22002.809055657;41456345.973375045;40214.36541581075;0.3136542130636957;26119.247733433633;165825.38389350017;83274.02166324301
171;3;PV;46.5098019;6.6617476;45.0;0.0;36.0;1.3807267153084744;45.0;0.3857142857142857;portrait;south;tilt;0.2345730149692114;11061.024801506841;17954.089245006224;47153.867221081004;0.0;0.0;0.0;83274.02166324301
172;3;ST;46.5098019;6.6617476;45.0;0.0;36.0;1.3807267153084744;45.0;0.3857142857142857;portrait;south;tilt;0.0;0.0;0.0;19395.86;0.1786299699172621;14875.23598459453;58287.06489910117;83274.02166324301
173;3;PVT;46.5098019;6.6617476;45.0;0.0;36.0;1.3807267153084744;45.0;0.3857142857142857;portrait;south;tilt;0.5471380395575342;22002.809055657;17954089.245006222;40214.36541581075;0.22718350627683237;18918.484223228443;71816.3569800249;83274.02166324301
174;3;PV;46.5098019;6.6617476;45.0;0.0;7.0;0.6;60.0;0.5142857142857142;portrait;south;max4dist;0.30591316386785555;14424.988710205655;33725.75793723713;47153.867221081004;0.0;0.0;0.0;83274.02166324301
175;3;ST;46.5098019;6.6617476;45.0;0.0;7.0;0.6;60.0;0.5142857142857142;portrait;south;max4dist;0.0;0.0;0.0;19395.86;0.24897077754743216;20732.79792299932;113381.50815646783;83274.02166324301
176;3;PVT;46.5098019;6.6617476;45.0;0.0;7.0;0.6;60.0;0.5142857142857142;portrait;south;max4dist;0.5471380395575342;22002.809055657;33725757.93723714;40214.36541581075;0.2937650500320134;24462.997140269552;134903.03174894853;83274.02166324301
177;3;PV;46.5098019;6.6617476;45.0;0.0;46.0;1.689752636423808;40.0;0.34285714285714286;portrait;south;tilt+10;0.21026109140536806;9914.623585888301;13891.097781566077;47153.867221081004;0.0;0.0;0.0;83274.02166324301
178;3;ST;46.5098019;6.6617476;45.0;0.0;46.0;1.689752636423808;40.0;0.34285714285714286;portrait;south;tilt+10;0.0;0.0;0.0;19395.86;0.16325722016765976;13595.085288922532;44284.54391869802;83274.02166324301
179;3;PVT;46.5098019;6.6617476;45.0;0.0;46.0;1.689752636423808;40.0;0.34285714285714286;portrait;south;tilt+10;0.5471380395575342;22002.809055657;13891097.781566082;40214.36541581075;0.20971187673857708;17463.551366567615;55564.39112626431;83274.02166324301
180;3;PV;46.5098019;6.6617476;45.0;0.0;56.0;1.9474362787374955;39.0;0.3342857142857143;portrait;south;tilt+20;0.19436734354331195;9165.171909555567;11723.405631633192;47153.867221081004;0.0;0.0;0.0;83274.02166324301
181;3;ST;46.5098019;6.6617476;45.0;0.0;56.0;1.9474362787374955;39.0;0.3342857142857143;portrait;south;tilt+20;0.0;0.0;0.0;19395.86;0.1552670868216911;12929.714751578138;36560.42654353188;83274.02166324301
182;3;PVT;46.5098019;6.6617476;45.0;0.0;56.0;1.9474362787374955;39.0;0.3342857142857143;portrait;south;tilt+20;0.5471380395575342;22002.809055657;11723405.631633192;40214.36541581075;0.2022999585646265;16846.33113198387;46893.62252653277;83274.02166324301
183;3;PV;46.5098019;6.6617476;45.0;0.0;66.0;2.14594805517205;39.0;0.3342857142857143;portrait;south;tilt+30;0.1817748737463544;8571.388260764359;10261.640293936945;47153.867221081004;0.0;0.0;0.0;83274.02166324301
184;3;ST;46.5098019;6.6617476;45.0;0.0;66.0;2.14594805517205;39.0;0.3342857142857143;portrait;south;tilt+30;0.0;0.0;0.0;19395.86;0.14845282404420224;12362.2636854265;31260.069344299936;83274.02166324301
185;3;PVT;46.5098019;6.6617476;45.0;0.0;66.0;2.14594805517205;39.0;0.3342857142857143;portrait;south;tilt+30;0.5471380395575342;22002.809055657;10261640.293936945;40214.36541581075;0.1965357360807787;16366.321143992176;41046.56117574778;83274.02166324301
186;3;PV;46.5098019;6.6617476;45.0;45.0;31.0;1.209841224589815;56.0;0.48;portrait;long;tilt;0.27108725181563587;12782.812277442245;25855.475049735775;47153.867221081004;0.0;0.0;0.0;83274.02166324301
187;3;ST;46.5098019;6.6617476;45.0;45.0;31.0;1.209841224589815;56.0;0.48;portrait;long;tilt;0.0;0.0;0.0;19395.86;0.21408846112192767;17828.007149317764;85334.2138254656;83274.02166324301
188;3;PVT;46.5098019;6.6617476;45.0;45.0;31.0;1.209841224589815;56.0;0.48;portrait;long;tilt;0.5471380395575342;22002.809055657;25855475.04973577;40214.36541581075;0.26542727824860285;22103.196918889782;103421.9001989431;83274.02166324301
189;3;PV;46.5098019;6.6617476;45.0;45.0;7.0;0.6;72.0;0.6171428571428571;portrait;long;max4dist;0.3247162173286015;15311.625396444557;40889.07402678453;47153.867221081004;0.0;0.0;0.0;83274.02166324301
190;3;ST;46.5098019;6.6617476;45.0;45.0;7.0;0.6;72.0;0.6171428571428571;portrait;long;max4dist;0.0;0.0;0.0;19395.86;0.2619500490953623;21813.63406305477;137585.04500188265;83274.02166324301
191;3;PVT;46.5098019;6.6617476;45.0;45.0;7.0;0.6;72.0;0.6171428571428571;portrait;long;max4dist;0.5471380395575342;22002.809055657;40889074.02678453;40214.36541581075;0.3078811895779948;25638.50485062297;163556.29610713813;83274.02166324301
192;3;PV;46.5098019;6.6617476;45.0;45.0;41.0;1.541104042018051;48.0;0.4114285714285714;portrait;long;tilt+10;0.2475510516157771;11672.989418329324;20166.1113637732;47153.867221081004;0.0;0.0;0.0;83274.02166324301
193;3;ST;46.5098019;6.6617476;45.0;45.0;41.0;1.541104042018051;48.0;0.4114285714285714;portrait;long;tilt+10;0.0;0.0;0.0;19395.86;0.19630877906262223;16347.42152034559;65880.62373389683;83274.02166324301
194;3;PVT;46.5098019;6.6617476;45.0;45.0;41.0;1.541104042018051;48.0;0.4114285714285714;portrait;long;tilt+10;0.5471380395575342;22002.809055657;20166111.3637732;40214.36541581075;0.24431077903493142;20344.741105918656;80664.4454550928;83274.02166324301
195;3;PV;46.5098019;6.6617476;45.0;45.0;51.0;1.8255411929658416;48.0;0.4114285714285714;portrait;long;tilt+20;0.2402070264111084;11326.690228960102;18394.87203204432;47153.867221081004;0.0;0.0;0.0;83274.02166324301
196;3;ST;46.5098019;6.6617476;45.0;45.0;51.0;1.8255411929658416;48.0;0.4114285714285714;portrait;long;tilt+20;0.0;0.0;0.0;19395.86;0.19031521007374883;15848.312926526003;59444.01501742352;83274.02166324301
197;3;PVT;46.5098019;6.6617476;45.0;45.0;51.0;1.8255411929658416;48.0;0.4114285714285714;portrait;long;tilt+20;0.5471380395575342;22002.809055657;18394872.032044318;40214.36541581075;0.2391386838522207;19914.03993962925;73579.48812817728;83274.02166324301
198;3;PV;46.5098019;6.6617476;45.0;45.0;61.0;2.054510198533781;48.0;0.4114285714285714;portrait;long;tilt+30;0.23293502748828263;10983.787357321333;16821.882013231494;47153.867221081004;0.0;0.0;0.0;83274.02166324301
199;3;ST;46.5098019;6.6617476;45.0;45.0;61.0;2.054510198533781;48.0;0.4114285714285714;portrait;long;tilt+30;0.0;0.0;0.0;19395.86;0.18422966393676984;15341.545025682552;53739.10374277116;83274.02166324301
200;3;PVT;46.5098019;6.6617476;45.0;45.0;61.0;2.054510198533781;48.0;0.4114285714285714;portrait;long;tilt+30;0.5471380395575342;22002.809055657;16821882.013231494;40214.36541581075;0.23393813301954264;19480.96915692802;67287.52805292598;83274.02166324301
201;3;PV;46.5098019;6.6617476;45.0;-45.0;32.0;1.2447976233322142;48.0;0.4114285714285714;portrait;short;tilt;0.2501019202962664;11793.27274138753;22605.217974681647;47153.867221081004;0.0;0.0;0.0;83274.02166324301
202;3;ST;46.5098019;6.6617476;45.0;-45.0;32.0;1.2447976233322142;48.0;0.4114285714285714;portrait;short;tilt;0.0;0.0;0.0;19395.86;0.19390067142837902;16146.8887130442;74767.74166971545;83274.02166324301
203;3;PVT;46.5098019;6.6617476;45.0;-45.0;32.0;1.2447976233322142;48.0;0.4114285714285714;portrait;short;tilt;0.5471380395575342;22002.809055657;22605217.97468165;40214.36541581075;0.24375936548569047;20298.82268207376;90420.87189872659;83274.02166324301
204;3;PV;46.5098019;6.6617476;45.0;-45.0;7.0;0.6;60.0;0.5142857142857142;portrait;short;max4dist;0.31013951109900073;14624.277326373258;34473.2952404318;47153.867221081004;0.0;0.0;0.0;83274.02166324301
205;3;ST;46.5098019;6.6617476;45.0;-45.0;7.0;0.6;60.0;0.5142857142857142;portrait;short;max4dist;0.0;0.0;0.0;19395.86;0.25360643274496353;21118.827574341874;116107.15647480583;83274.02166324301
206;3;PVT;46.5098019;6.6617476;45.0;-45.0;7.0;0.6;60.0;0.5142857142857142;portrait;short;max4dist;0.5471380395575342;22002.809055657;34473295.24043181;40214.36541581075;0.29678895612482453;24714.809961749917;137893.1809617272;83274.02166324301
207;3;PV;46.5098019;6.6617476;45.0;-45.0;42.0;1.571809603297978;42.0;0.36;portrait;short;tilt+10;0.22214450087699247;10474.972298247016;18054.08730017341;47153.867221081004;0.0;0.0;0.0;83274.02166324301
208;3;ST;46.5098019;6.6617476;45.0;-45.0;42.0;1.571809603297978;42.0;0.36;portrait;short;tilt+10;0.0;0.0;0.0;19395.86;0.17237887542627237;14354.682206532872;59143.724805497026;83274.02166324301
209;3;PVT;46.5098019;6.6617476;45.0;-45.0;42.0;1.571809603297978;42.0;0.36;portrait;short;tilt+10;0.5471380395575342;22002.809055657;18054087.30017341;40214.36541581075;0.2209331217880359;18397.989569904807;72216.34920069364;83274.02166324301
210;3;PV;46.5098019;6.6617476;45.0;-45.0;52.0;1.8510629438415693;42.0;0.36;portrait;short;tilt+20;0.2123692750455751;10014.03259733628;16579.821384056526;47153.867221081004;0.0;0.0;0.0;83274.02166324301
211;3;ST;46.5098019;6.6617476;45.0;-45.0;52.0;1.8510629438415693;42.0;0.36;portrait;short;tilt+20;0.0;0.0;0.0;19395.86;0.1654779696089042;13780.016026001356;53788.826520878894;83274.02166324301
212;3;PVT;46.5098019;6.6617476;45.0;-45.0;52.0;1.8510629438415693;42.0;0.36;portrait;short;tilt+20;0.5471380395575342;22002.809055657;16579821.384056525;40214.36541581075;0.21512105903629933;17913.99573040857;66319.2855362261;83274.02166324301
213;3;PV;46.5098019;6.6617476;45.0;-45.0;62.0;2.0740726735195794;42.0;0.36;portrait;short;tilt+30;0.20547698491131683;9689.034463496298;15354.368789965982;47153.867221081004;0.0;0.0;0.0;83274.02166324301
214;3;ST;46.5098019;6.6617476;45.0;-45.0;62.0;2.0740726735195794;42.0;0.36;portrait;short;tilt+30;0.0;0.0;0.0;19395.86;0.16015408265085204;13336.674548123865;49349.53551795224;83274.02166324301
215;3;PVT;46.5098019;6.6617476;45.0;-45.0;62.0;2.0740726735195794;42.0;0.36;portrait;short;tilt+30;0.5471380395575342;22002.809055657;15354368.78996598;40214.36541581075;0.21014262887973129;17499.42182970158;61417.47515986393;83274.02166324301
